model_name,train_rmse,train_mae,train_r2,test_rmse,test_mae,test_r2
XGBoost (Tuned),3.934282275361724,2.687402337252425,0.9720226477236251,4.211232508738897,2.8575680126717375,0.9678551194724996
